Canada
Newfoundland and Labrador
St. John's, Newfoundland and Labrador
Prince Edward Island
Nova Scotia
Halifax, Nova Scotia
New Brunswick
Moncton, New Brunswick
Saint John, New Brunswick
Quebec
Saguenay, Quebec
Quebec, Quebec
Sherbrooke, Quebec
Trois-Rivieres, Quebec
Montreal, Quebec
Ottawa-Gatineau, Quebec part
Ontario
Ottawa-Gatineau, Ontario/Quebec
Ottawa-Gatineau, Ontario part
Kingston, Ontario
Peterborough, Ontario
Toronto, Ontario
Hamilton, Ontario
St.Catharines-Niagara, Ontario
Kitchener-Cambridge-Waterloo, Ontario
Brantford, Ontario
Guelph, Ontario
London, Ontario
Windsor, Ontario
Barrie, Ontario
Sudbury, Ontario
Thunder Bay, Ontario
Manitoba
Winnipeg, Manitoba
Saskatchewan
Regina, Saskatchewan
Saskatoon, Saskatchewan
Alberta
Calgary, Alberta
Edmonton, Alberta
British Columbia
Kelowna, British Columbia
Abbotsford-Mission, British Columbia
Vancouver, British Columbia
Victoria, British Columbia
Yukon
Northwest Territories
Nunavut
